{"cameraMode":{"drawMode":0,"name":"Shaded","section":"Shading Mode"},"sceneLighting":false,"audioPlay":false,"sceneViewState":{"m_AlwaysRefresh":false,"showFog":true,"showSkybox":false,"showFlares":true,"showImageEffects":true,"showParticleSystems":true,"showVisualEffectGraphs":true,"m_FxEnabled":true},"in2DMode":false,"pivot":{"x":0.000002384185791015625,"y":0.12591850757598878,"z":1.3963303565979005},"rotation":{"x":0.1275486797094345,"y":-0.8724032044410706,"z":0.3385871648788452,"w":0.3286687731742859},"size":7.00139045715332,"orthographic":false}