{"cameraMode":{"drawMode":0,"name":"Shaded","section":"Shading Mode"},"sceneLighting":false,"audioPlay":false,"sceneViewState":{"m_AlwaysRefresh":false,"showFog":true,"showSkybox":false,"showFlares":true,"showImageEffects":true,"showParticleSystems":true,"showVisualEffectGraphs":true,"m_FxEnabled":true},"in2DMode":false,"pivot":{"x":3.0718939304351808,"y":-0.9533696174621582,"z":-10.491426467895508},"rotation":{"x":-0.018458351492881776,"y":0.12655296921730042,"z":-0.0023624994792044164,"w":-0.9918074607849121},"size":0.24494913220405579,"orthographic":false}