{"cameraMode":{"drawMode":0,"name":"Shaded","section":"Shading Mode"},"sceneLighting":false,"audioPlay":false,"sceneViewState":{"m_AlwaysRefresh":false,"showFog":true,"showSkybox":false,"showFlares":true,"showImageEffects":true,"showParticleSystems":true,"showVisualEffectGraphs":true,"m_FxEnabled":true},"in2DMode":false,"pivot":{"x":-9.841236114501954,"y":3.5487091541290285,"z":-7.886363506317139},"rotation":{"x":-0.055038873106241229,"y":-0.2584899365901947,"z":0.014746136963367463,"w":-0.9643567204475403},"size":0.6928203701972961,"orthographic":false}