{"cameraMode":{"drawMode":0,"name":"Shaded","section":"Shading Mode"},"sceneLighting":false,"audioPlay":false,"sceneViewState":{"m_AlwaysRefresh":false,"showFog":true,"showSkybox":false,"showFlares":true,"showImageEffects":true,"showParticleSystems":true,"showVisualEffectGraphs":true,"m_FxEnabled":true},"in2DMode":false,"pivot":{"x":20.000001907348634,"y":-0.05243295431137085,"z":-44.56753158569336},"rotation":{"x":0.1466331034898758,"y":-0.8526909947395325,"z":0.33565548062324526,"w":0.37252897024154665},"size":6.7486724853515629,"orthographic":false}